
/****** 1  CREAR TIPOS DE CUENTA ******/
insert into [dbo].[Tipos_Cuentas] values(1,'Prestamo')
insert into [dbo].[Tipos_Cuentas] values(2,'Ahorro')
insert into [dbo].[Tipos_Cuentas] values(3,'Ahorro Bebes')
insert into [dbo].[Tipos_Cuentas] values(4,'Ipoteca')
insert into [dbo].[Tipos_Cuentas] values(5,'Polisa')

/******2  CREAR CLIENTES ******/
insert into [dbo].[Clientes] values(10050,'0105452171','Ricardo','Jara','Cuenca','0990550716','root',4000,1)
insert into [dbo].[Clientes] values(10051,'1600589954','Vinicio','Díaz','Puyo','0979369407','root',5000,2)
insert into [dbo].[Clientes] values(10052,'0105451729','Orlando','Gutierrez','Ambato','0987885030','root',2000,3)
insert into [dbo].[Clientes] values(10053,'0145861526','Gabriela','Dutan','Quito','0990554516','root',7000,4)
insert into [dbo].[Clientes] values(10054,'0741556624','Guillermo','Perez','Guayaquil','0456550716','root',2000,5)
insert into [dbo].[Clientes] values(10055,'9521420364','Fransico','Castro','Ambato','0990550716','root',2000,1)
insert into [dbo].[Clientes] values(10056,'3256478975','Juan','Jara','Ayavaca','0994560716','root',1000,2)
insert into [dbo].[Clientes] values(10057,'9632587412','Carlos','Plaza','San Fernando','0789550716','root',100,3)
insert into [dbo].[Clientes] values(10058,'2147896523','Vinicio','Barrera','Rumipata','0235450716','root',5000,4)
insert into [dbo].[Clientes] values(10059,'9845212302','Fernanda','Lopez','Izamba','0996385716','root',8000,5)

/******3  CREAR MOVIMIENTOS ******/

insert into [dbo].[Movimientos] values(100,'2019-01-14','Retiro',100,'TAR-10050',10050)
insert into [dbo].[Movimientos] values(101,'2019-02-12','Ahorro',100,'LIB-10050',10051)
insert into [dbo].[Movimientos] values(102,'2019-03-18','Deposito',100,'LIB-10050',10051)
insert into [dbo].[Movimientos] values(103,'2019-04-16','Transaccion',100,'LIB-10050',10051)
insert into [dbo].[Movimientos] values(104,'2019-05-15','Retiro',100,'TAR-10050',10052)
insert into [dbo].[Movimientos] values(105,'2019-06-15','Deposito',100,'LIB-10050',10052)
insert into [dbo].[Movimientos] values(106,'2019-07-10','Deposito',100,'CAJ-10050',10053)
insert into [dbo].[Movimientos] values(107,'2019-08-13','Ahorro',100,'CAJ-10050',10052)
insert into [dbo].[Movimientos] values(108,'2019-09-12','Deposito',100,'LIB-10050',10050)
insert into [dbo].[Movimientos] values(109,'2019-10-11','Retiro',100,'TAR-10050',10053)

/******4  CREAR SERVICIOS ******/
insert into [dbo].[Servicios] values(592,'AGUA','AG123',10050)
insert into [dbo].[Servicios] values(593,'AGUA','AG134',10051)
insert into [dbo].[Servicios] values(594,'AGUA','AG185',10051)
insert into [dbo].[Servicios] values(595,'AGUA','AG038',10052)
insert into [dbo].[Servicios] values(596,'AGUA','AG456',10052)
insert into [dbo].[Servicios] values(597,'LUZ','LZ653',10050)
insert into [dbo].[Servicios] values(598,'LUZ','LZ783',10051)
insert into [dbo].[Servicios] values(599,'LUZ','LZ158',10051)
insert into [dbo].[Servicios] values(600,'LUZ','LZ173',10052)
insert into [dbo].[Servicios] values(601,'LUZ','LZ123',10052)

/******5  CREAR PRESTAMOS ******/
insert into [dbo].[Prestamos] values(1,1070,'2019-01-14','2020-01-14','POR PAGAR',12,15.2,10050)
insert into [dbo].[Prestamos] values(2,1000,'2018-01-14','2019-04-14','PAGADA',3,16.2,10051)
insert into [dbo].[Prestamos] values(3,1050,'2019-01-14','2020-01-14','POR PAGAR',12,10.2,10051)
insert into [dbo].[Prestamos] values(4,123,'2019-01-14','2020-01-14','CANCELADA',12,8.2,10051)
insert into [dbo].[Prestamos] values(5,564,'2019-01-14','2020-01-14','APROVADA',12,8.2,10050)
insert into [dbo].[Prestamos] values(6,1224,'2019-01-14','2020-01-14','PAGADA',12,23.2,10050)
insert into [dbo].[Prestamos] values(7,112,'2019-01-14','2020-01-14','POR PAGAR',12,6.2,10052)
insert into [dbo].[Prestamos] values(8,122,'2019-01-14','2020-01-14','POR PAGAR',12,11.2,10052)
insert into [dbo].[Prestamos] values(9,11,'2019-01-14','2020-01-14','POR PAGAR',12,10.2,10052)
insert into [dbo].[Prestamos] values(10,111,'2019-01-14','2020-01-14','CENCELADA',12,9.2,10053)
insert into [dbo].[Prestamos] values(11,111,'2019-01-14','2019-02-14','PAGANDO',1,30.2,10054)
insert into [dbo].[Prestamos] values(12,114,'2019-01-14','2020-01-14','POR PAGAR',12,1.2,10055)
insert into [dbo].[Prestamos] values(13,953,'2019-01-14','2020-01-14','POR PAGAR',12,2.2,10056)
insert into [dbo].[Prestamos] values(14,452,'2019-01-14','2020-01-14','POR PAGAR',12,7.2,10057)
insert into [dbo].[Prestamos] values(15,789,'2019-01-14','2020-01-14','POR PAGAR',12,1.2,10051)
insert into [dbo].[Prestamos] values(16,124,'2019-01-14','2020-01-14','POR PAGAR',12,59.2,10052)

/******6  PAGOS PRESTAMOS ******/

insert into [dbo].[Pagos_Prestamo] values(200,'2019-12-21',1,20)
insert into [dbo].[Pagos_Prestamo] values(201,'2019-12-21',2,30)
insert into [dbo].[Pagos_Prestamo] values(202,'2019-12-21',3,25)
insert into [dbo].[Pagos_Prestamo] values(203,'2019-12-21',4,20)
insert into [dbo].[Pagos_Prestamo] values(204,'2019-12-21',5,18.50)
insert into [dbo].[Pagos_Prestamo] values(205,'2019-12-21',4,13.24)
insert into [dbo].[Pagos_Prestamo] values(206,'2019-12-21',5,45.2)
insert into [dbo].[Pagos_Prestamo] values(207,'2019-12-21',6,56.2)
insert into [dbo].[Pagos_Prestamo] values(208,'2019-12-21',7,74.2)
insert into [dbo].[Pagos_Prestamo] values(209,'2019-12-21',8,14.23)
insert into [dbo].[Pagos_Prestamo] values(210,'2019-12-21',1,14.14)
insert into [dbo].[Pagos_Prestamo] values(211,'2019-12-21',2,45)
insert into [dbo].[Pagos_Prestamo] values(212,'2019-12-21',2,45)
insert into [dbo].[Pagos_Prestamo] values(213,'2019-12-21',2,2)
insert into [dbo].[Pagos_Prestamo] values(214,'2019-12-21',3,95)
insert into [dbo].[Pagos_Prestamo] values(215,'2019-12-21',3,12)
insert into [dbo].[Pagos_Prestamo] values(216,'2019-12-21',3,45)
insert into [dbo].[Pagos_Prestamo] values(217,'2019-12-21',2,45)
insert into [dbo].[Pagos_Prestamo] values(218,'2019-12-21',16,8)
insert into [dbo].[Pagos_Prestamo] values(219,'2019-12-21',16,20)